{"cameraMode":{"drawMode":0,"name":"Shaded","section":"Shading Mode"},"sceneLighting":true,"audioPlay":false,"sceneViewState":{"m_AlwaysRefresh":true,"showFog":true,"showSkybox":true,"showFlares":true,"showImageEffects":true,"showParticleSystems":true,"showVisualEffectGraphs":true,"m_FxEnabled":true},"in2DMode":false,"pivot":{"x":-2.7525248527526857,"y":0.33851295709609988,"z":-0.7633175849914551},"rotation":{"x":-0.08782977610826493,"y":0.9088859558105469,"z":-0.3269197642803192,"w":-0.24388575553894044},"size":13.186895370483399,"orthographic":false}