{"cameraMode":{"drawMode":0,"name":"Shaded","section":"Shading Mode"},"sceneLighting":true,"audioPlay":false,"sceneViewState":{"m_AlwaysRefresh":true,"showFog":true,"showSkybox":true,"showFlares":true,"showImageEffects":true,"showParticleSystems":true,"showVisualEffectGraphs":true,"m_FxEnabled":true},"in2DMode":false,"pivot":{"x":3.9119558334350588,"y":8.362004280090332,"z":19.417530059814454},"rotation":{"x":-0.08241690695285797,"y":0.9177545309066773,"z":-0.27664893865585329,"w":-0.2730324864387512},"size":11.05771541595459,"orthographic":false}